,Time,Temp,Hum,DEWI
0,2022-01-05 01:00:00,17.7,39,3.6
1,2022-01-05 03:30:00,19.2,42,
2,2022-01-05 04:00:00,19.1,42,5.9
3,2022-01-05 05:00:00,18.8,43,
4,2022-01-05 05:30:00,18.8,43,
5,2022-01-05 06:00:00,18.8,43,
6,2022-01-05 06:30:00,18.7,43,5.9
7,2022-01-05 07:00:00,20.1,43,7.2
8,2022-01-05 07:30:00,20.5,42,7.2
9,2022-01-05 08:00:00,21.0,41,7.3
10,2022-01-05 08:30:00,21.3,42,7.9
11,2022-01-05 09:00:00,21.5,42,8.1
12,2022-01-05 09:30:00,21.7,42,8.3
13,2022-01-05 10:00:00,21.8,43,8.7
14,2022-01-05 10:30:00,21.9,43,8.8
15,2022-01-05 11:00:00,22.0,44,9.2
16,2022-01-05 11:30:00,22.0,44,9.2
17,2022-01-05 12:00:00,22.0,44,9.2
18,2022-01-05 12:30:00,22.3,44,9.5
19,2022-01-05 13:00:00,22.3,44,9.5
20,2022-01-05 13:30:00,22.3,49,11.1
21,2022-01-05 14:00:00,23.1,45,10.5
22,2022-01-05 14:30:00,22.5,46,10.3
23,2022-01-05 15:00:00,21.8,42,8.3
24,2022-01-05 15:30:00,19.2,46,7.3
25,2022-01-05 16:00:00,18.9,47,7.4
26,2022-01-05 16:30:00,18.6,48,7.4
27,2022-01-05 17:00:00,18.6,49,7.7
28,2022-01-05 17:30:00,18.7,57,10.0
29,2022-01-05 18:00:00,18.4,54,8.9
30,2022-01-05 18:30:00,17.7,52,7.7
31,2022-01-05 19:00:00,21.2,58,12.6
32,2022-01-05 19:30:00,21.2,59,12.9
33,2022-01-05 20:00:00,21.4,59,13.1
34,2022-01-05 20:30:00,21.4,59,13.1
35,2022-01-05 21:00:00,21.4,60,13.3
36,2022-01-05 21:30:00,21.7,59,13.4
37,2022-01-05 22:00:00,21.8,60,13.7
38,2022-01-05 22:30:00,21.6,56,12.5
39,2022-01-05 23:00:00,20.4,47,
40,2022-01-05 23:30:00,20.5,53,10.6
41,2022-01-06 00:00:00,20.3,54,10.7
42,2022-01-06 00:30:00,20.2,55,10.9
43,2022-01-06 01:00:00,20.0,56,11.0
44,2022-01-06 01:30:00,19.9,56,10.9
45,2022-01-06 02:00:00,19.7,57,11.0
46,2022-01-06 02:30:00,19.6,57,10.9
47,2022-01-06 03:00:00,19.5,57,10.8
48,2022-01-06 03:30:00,19.4,57,10.7
49,2022-01-06 04:00:00,19.3,57,10.6
50,2022-01-06 04:30:00,19.2,58,10.8
51,2022-01-06 05:00:00,19.2,58,10.8
52,2022-01-06 05:30:00,19.1,58,10.7
53,2022-01-06 06:00:00,19.0,58,10.6
54,2022-01-06 06:30:00,17.7,47,6.3
55,2022-01-06 07:00:00,19.5,50,8.8
56,2022-01-06 07:30:00,20.3,51,
57,2022-01-06 08:00:00,20.6,51,10.1
58,2022-01-06 08:30:00,20.8,52,10.6
59,2022-01-06 09:00:00,20.9,52,10.7
60,2022-01-06 09:30:00,21.0,54,11.4
61,2022-01-06 10:00:00,21.0,53,11.1
62,2022-01-06 10:30:00,21.3,53,11.4
63,2022-01-06 11:00:00,21.2,54,11.6
64,2022-01-06 11:30:00,21.3,55,11.9
65,2022-01-06 12:00:00,21.2,55,11.8
66,2022-01-06 12:30:00,21.3,56,12.2
67,2022-01-06 13:00:00,21.2,57,12.4
68,2022-01-06 13:30:00,21.2,57,12.4
69,2022-01-06 14:00:00,21.3,57,12.5
70,2022-01-06 14:30:00,21.3,57,12.5
71,2022-01-06 15:00:00,21.3,58,12.7
72,2022-01-06 15:30:00,21.2,58,12.6
73,2022-01-06 16:00:00,21.3,58,12.7
74,2022-01-06 16:30:00,20.6,53,10.7
75,2022-01-06 17:00:00,21.6,54,11.9
76,2022-01-06 17:30:00,21.3,56,12.2
77,2022-01-06 18:00:00,21.3,55,11.9
78,2022-01-06 18:30:00,21.1,55,11.7
79,2022-01-06 19:00:00,21.0,55,11.6
80,2022-01-06 19:30:00,21.0,54,11.4
81,2022-01-06 20:00:00,21.2,56,12.1
82,2022-01-06 20:30:00,21.3,62,13.8
83,2022-01-06 21:00:00,21.2,61,13.4
84,2022-01-06 21:30:00,21.0,61,13.2
85,2022-01-06 22:00:00,21.5,65,14.7
86,2022-01-06 22:30:00,20.4,56,11.4
87,2022-01-06 23:00:00,20.6,58,12.1
88,2022-01-06 23:30:00,20.5,59,12.2
89,2022-01-07 00:00:00,20.4,60,12.4
90,2022-01-07 00:30:00,20.2,60,12.2
91,2022-01-07 01:00:00,20.1,60,12.1
92,2022-01-07 01:30:00,20.0,61,12.3
93,2022-01-07 02:00:00,19.9,61,12.2
94,2022-01-07 02:30:00,19.8,61,12.1
95,2022-01-07 03:00:00,19.7,60,11.7
96,2022-01-07 03:30:00,19.6,61,11.9
97,2022-01-07 04:00:00,19.6,60,11.6
98,2022-01-07 04:30:00,19.5,60,11.6
99,2022-01-07 05:00:00,19.4,60,11.5
100,2022-01-07 05:30:00,19.4,60,11.5
101,2022-01-07 06:00:00,19.3,60,11.4
102,2022-01-07 06:30:00,18.3,51,
103,2022-01-07 07:00:00,20.1,56,11.1
104,2022-01-07 07:30:00,20.8,60,12.8
105,2022-01-07 08:00:00,20.8,60,12.8
106,2022-01-07 08:30:00,21.0,61,13.2
107,2022-01-07 09:00:00,20.9,59,12.6
108,2022-01-07 09:30:00,20.8,58,12.3
109,2022-01-07 10:00:00,20.9,59,12.6
110,2022-01-07 10:30:00,21.0,60,13.0
111,2022-01-07 11:00:00,20.9,60,12.9
112,2022-01-07 11:30:00,21.0,60,13.0
113,2022-01-07 12:00:00,21.0,60,13.0
114,2022-01-07 12:30:00,20.9,59,12.6
115,2022-01-07 13:00:00,20.8,59,12.5
116,2022-01-07 13:30:00,21.0,60,13.0
117,2022-01-07 14:00:00,21.1,61,13.3
118,2022-01-07 14:30:00,21.1,61,13.3
119,2022-01-07 15:00:00,21.1,61,13.3
120,2022-01-07 15:30:00,21.1,61,13.3
121,2022-01-07 16:00:00,20.0,52,
122,2022-01-07 16:30:00,21.0,55,11.6
123,2022-01-07 17:00:00,21.0,56,11.9
124,2022-01-07 17:30:00,21.4,64,14.3
125,2022-01-07 18:00:00,21.5,66,14.9
126,2022-01-07 18:30:00,21.3,65,14.5
127,2022-01-07 19:00:00,21.2,63,13.9
128,2022-01-07 19:30:00,21.2,63,13.9
129,2022-01-07 20:00:00,21.5,63,14.2
130,2022-01-07 20:30:00,21.8,67,15.4
131,2022-01-07 21:00:00,20.8,56,11.7
132,2022-01-07 21:30:00,21.8,60,13.7
133,2022-01-07 22:00:00,21.6,59,13.3
134,2022-01-07 22:30:00,21.6,60,13.5
135,2022-01-07 23:00:00,19.9,48,
136,2022-01-07 23:30:00,20.8,53,10.9
137,2022-01-08 00:00:00,20.9,55,11.5
138,2022-01-08 00:30:00,20.8,56,11.7
139,2022-01-08 01:00:00,20.6,57,11.8
140,2022-01-08 01:30:00,20.4,57,11.6
141,2022-01-08 02:00:00,20.3,58,11.8
142,2022-01-08 02:30:00,20.2,58,11.7
143,2022-01-08 03:00:00,20.1,59,11.9
144,2022-01-08 03:30:00,20.0,59,11.8
145,2022-01-08 04:00:00,20.0,60,12.0
146,2022-01-08 04:30:00,20.1,59,11.9
147,2022-01-08 05:00:00,20.5,59,12.2
148,2022-01-08 05:30:00,20.6,57,11.8
149,2022-01-08 06:00:00,20.7,56,11.6
150,2022-01-08 06:30:00,20.5,55,11.2
151,2022-01-08 07:00:00,20.1,49,9.1
152,2022-01-08 07:30:00,20.6,51,10.1
153,2022-01-08 08:00:00,20.5,52,10.3
154,2022-01-08 08:30:00,20.6,53,10.7
155,2022-01-08 09:00:00,20.6,54,11.0
156,2022-01-08 09:30:00,20.6,54,11.0
157,2022-01-08 10:00:00,18.6,43,5.8
158,2022-01-08 10:30:00,20.4,46,8.4
159,2022-01-08 11:00:00,21.0,48,9.6
160,2022-01-08 11:30:00,21.1,50,10.3
161,2022-01-08 12:00:00,21.0,51,10.5
162,2022-01-08 12:30:00,21.2,52,11.0
163,2022-01-08 13:00:00,21.2,53,11.3
164,2022-01-08 13:30:00,21.1,52,10.9
165,2022-01-08 14:00:00,21.1,52,10.9
166,2022-01-08 14:30:00,21.2,53,11.3
167,2022-01-08 15:00:00,21.1,54,11.5
168,2022-01-08 15:30:00,21.2,54,11.6
169,2022-01-08 16:00:00,21.2,55,11.8
170,2022-01-08 16:30:00,21.2,56,12.1
171,2022-01-08 17:00:00,21.3,57,12.5
172,2022-01-08 17:30:00,21.3,57,12.5
173,2022-01-08 18:00:00,21.4,60,13.3
174,2022-01-08 18:30:00,21.4,60,13.3
175,2022-01-08 19:00:00,21.4,60,13.3
176,2022-01-08 19:30:00,21.4,60,13.3
177,2022-01-08 20:00:00,21.3,60,13.2
178,2022-01-08 20:30:00,21.4,60,13.3
179,2022-01-08 21:00:00,21.4,60,13.3
180,2022-01-08 21:30:00,21.4,60,13.3
181,2022-01-08 22:00:00,21.4,59,13.1
182,2022-01-08 22:30:00,21.4,61,13.6
183,2022-01-08 23:00:00,21.3,63,14.0
184,2022-01-08 23:30:00,21.4,63,14.1
185,2022-01-09 00:00:00,21.4,64,14.3
186,2022-01-09 00:30:00,18.4,48,7.2
187,2022-01-09 01:00:00,19.2,49,
188,2022-01-09 01:30:00,19.2,48,7.9
189,2022-01-09 02:00:00,19.0,47,7.5
190,2022-01-09 02:30:00,18.9,46,7.1
191,2022-01-09 03:00:00,18.7,45,6.5
192,2022-01-09 03:30:00,18.6,44,6.1
193,2022-01-09 04:00:00,18.5,43,5.7
194,2022-01-09 04:30:00,18.4,43,5.6
195,2022-01-09 05:00:00,18.2,43,
196,2022-01-09 05:00:00,18.2,43,5.4
197,2022-01-09 06:00:00,18.1,43,
198,2022-01-09 06:30:00,18.0,43,5.3
199,2022-01-09 07:00:00,18.0,42,49.0
200,2022-01-09 07:30:00,17.9,42,4.8
201,2022-01-09 08:00:00,18.2,45,6.1
202,2022-01-09 08:30:00,19.5,46,7.6
203,2022-01-09 09:00:00,20.3,46,8.3
204,2022-01-09 09:30:00,20.5,47,8.8
205,2022-01-09 10:00:00,20.7,48,9.3
206,2022-01-09 10:30:00,20.8,50,10.0
207,2022-01-09 11:00:00,20.9,49,9.8
208,2022-01-09 11:30:00,21.0,50,10.2
209,2022-01-09 12:00:00,21.1,51,10.6
210,2022-01-09 12:30:00,21.0,49,
211,2022-01-09 13:00:00,20.8,50,10.0
212,2022-01-09 13:30:00,20.6,51,10.1
213,2022-01-09 14:00:00,20.8,54,11.2
214,2022-01-09 14:30:00,20.0,47,8.4
215,2022-01-09 15:00:00,20.8,51,10.3
216,2022-01-09 15:30:00,20.7,55,11.4
217,2022-01-09 16:00:00,20.9,58,12.4
218,2022-01-09 16:30:00,20.8,59,12.5
219,2022-01-09 17:00:00,20.8,61,13.0
220,2022-01-09 17:30:00,20.9,62,13.4
221,2022-01-09 18:00:00,20.6,62,13.1
222,2022-01-09 18:30:00,19.7,54,10.2
223,2022-01-09 19:00:00,20.5,58,12.0
224,2022-01-09 19:30:00,20.5,60,12.5
225,2022-01-09 20:00:00,20.6,61,12.8
226,2022-01-09 20:30:00,20.6,62,13.1
227,2022-01-09 21:00:00,20.6,62,13.1
228,2022-01-09 21:30:00,20.8,63,13.5
229,2022-01-09 22:00:00,20.7,63,13.4
230,2022-01-09 22:30:00,20.8,63,13.5
231,2022-01-09 23:00:00,20.7,64,13.7
232,2022-01-09 23:30:00,20.8,64,13.8
233,2022-01-10 00:00:00,18.7,51,
234,2022-01-10 00:30:00,19.4,53,9.6
235,2022-01-10 01:00:00,19.4,54,9.9
236,2022-01-10 01:30:00,19.2,53,9.4
237,2022-01-10 02:00:00,19.1,52,
238,2022-01-10 02:30:00,19.1,53,9.3
239,2022-01-10 03:00:00,19.0,53,9.2
240,2022-01-10 03:30:00,18.8,53,
241,2022-01-10 04:00:00,18.8,53,
242,2022-01-10 04:30:00,18.8,52,8.8
243,2022-01-10 05:00:00,18.7,52,
244,2022-01-10 05:30:00,18.6,51,8.3
245,2022-01-10 06:00:00,18.5,50,7.9
246,2022-01-10 06:30:00,18.4,50,7.8
247,2022-01-10 07:00:00,18.4,50,
248,2022-01-10 07:30:00,18.3,49,7.4
249,2022-01-10 08:00:00,18.4,50,7.8
250,2022-01-10 08:30:00,19.2,51,8.8
251,2022-01-10 09:00:00,19.7,52,9.6
252,2022-01-10 09:30:00,20.0,52,
253,2022-01-10 10:00:00,20.3,53,10.4
254,2022-01-10 10:30:00,20.4,54,10.8
255,2022-01-10 11:00:00,20.5,54,10.9
256,2022-01-10 11:30:00,20.0,52,
257,2022-01-10 12:00:00,20.4,54,10.8
258,2022-01-10 12:30:00,20.7,54,11.1
259,2022-01-10 13:00:00,20.8,54,11.2
260,2022-01-10 13:30:00,20.9,54,11.3
261,2022-01-10 14:00:00,21.1,56,12.0
262,2022-01-10 14:30:00,19.8,44,7.2
263,2022-01-10 15:00:00,19.7,48,8.4
264,2022-01-10 15:30:00,20.6,49,9.5
265,2022-01-10 16:00:00,21.0,50,10.2
266,2022-01-10 16:30:00,21.0,50,10.2
267,2022-01-10 17:00:00,21.2,51,10.7
268,2022-01-10 17:30:00,21.3,52,11.1
269,2022-01-10 18:00:00,21.1,52,10.9
270,2022-01-10 18:30:00,21.3,56,12.2
271,2022-01-10 19:00:00,21.5,59,13.2
272,2022-01-10 19:30:00,21.6,59,13.3
273,2022-01-10 20:00:00,21.6,59,13.3
274,2022-01-10 20:30:00,21.6,59,13.3
275,2022-01-10 21:00:00,21.5,60,13.4
276,2022-01-10 21:30:00,21.5,60,13.4
277,2022-01-10 22:00:00,21.5,59,13.2
278,2022-01-10 22:30:00,21.5,60,13.4
279,2022-01-10 23:00:00,20.3,49,9.3
280,2022-01-10 23:30:00,20.7,54,11.1
281,2022-01-11 00:00:00,20.6,54,11.0
282,2022-01-11 00:30:00,20.4,55,11.1
283,2022-01-11 01:00:00,20.3,56,11.3
284,2022-01-11 01:30:00,20.2,56,11.2
285,2022-01-11 02:00:00,20.1,56,11.1
286,2022-01-11 02:30:00,20.0,57,11.2
287,2022-01-11 03:00:00,19.9,57,11.2
288,2022-01-11 03:30:00,19.8,57,11.1
289,2022-01-11 04:00:00,19.8,57,11.1
290,2022-01-11 04:30:00,19.7,57,11.0
291,2022-01-11 05:00:00,19.6,57,10.9
292,2022-01-11 05:30:00,19.6,57,10.9
293,2022-01-11 06:00:00,19.5,57,10.8
294,2022-01-11 06:30:00,19.4,58,10.9
295,2022-01-11 07:00:00,19.4,58,10.9
296,2022-01-11 07:30:00,19.3,58,10.9
297,2022-01-11 08:00:00,19.4,58,10.9
298,2022-01-11 08:30:00,19.6,60,11.6
299,2022-01-11 09:00:00,19.6,60,11.6
300,2022-01-11 09:30:00,17.2,49,6.4
301,2022-01-11 10:00:00,18.4,53,8.7
302,2022-01-11 10:30:00,18.8,54,9.3
303,2022-01-11 11:00:00,18.9,55,
304,2022-01-11 11:30:00,18.8,56,9.9
305,2022-01-11 12:00:00,18.9,56,10.0
306,2022-01-11 12:30:00,18.9,56,10.0
307,2022-01-11 13:00:00,18.3,50,7.7
308,2022-01-11 13:30:00,19.6,52,9.5
309,2022-01-11 14:00:00,20.3,52,10.1
310,2022-01-11 14:30:00,20.7,52,10.5
311,2022-01-11 15:00:00,20.9,54,11.3
312,2022-01-11 15:30:00,21.0,54,11.4
313,2022-01-11 16:00:00,21.1,54,11.5
314,2022-01-11 16:30:00,21.2,55,11.8
315,2022-01-11 17:00:00,21.2,54,11.6
316,2022-01-11 17:30:00,16.8,41,3.5
317,2022-01-11 18:00:00,18.8,45,
318,2022-01-11 18:30:00,20.0,48,8.7
319,2022-01-11 19:00:00,21.4,48,10.0
320,2022-01-11 19:30:00,21.4,50,10.6
321,2022-01-11 20:00:00,21.4,50,10.6
322,2022-01-11 20:30:00,21.2,51,10.7
323,2022-01-11 21:00:00,21.2,55,11.8
324,2022-01-11 21:30:00,21.2,58,12.6
325,2022-01-11 22:00:00,21.3,60,13.2
326,2022-01-11 22:30:00,21.4,61,13.6
327,2022-01-11 23:00:00,21.4,61,13.6
328,2022-01-11 23:30:00,21.4,62,13.8
329,2022-01-12 00:00:00,21.6,63,14.3
330,2022-01-12 00:30:00,20.7,56,11.6
331,2022-01-12 01:00:00,20.2,56,11.2
332,2022-01-12 01:30:00,19.9,56,10.9
333,2022-01-12 02:00:00,19.6,56,10.6
334,2022-01-12 02:30:00,19.5,56,10.5
335,2022-01-12 03:00:00,19.3,56,10.3
336,2022-01-12 03:30:00,19.2,56,10.2
337,2022-01-12 04:00:00,19.1,56,10.1
338,2022-01-12 04:30:00,18.9,56,10.0
339,2022-01-12 05:00:00,18.8,56,9.9
340,2022-01-12 05:30:00,18.8,55,9.6
341,2022-01-12 06:00:00,18.7,56,9.8
342,2022-01-12 06:30:00,18.7,55,9.5
343,2022-01-12 07:00:00,18.6,55,9.4
344,2022-01-12 07:30:00,18.5,56,9.6
345,2022-01-12 08:00:00,18.4,56,9.5
346,2022-01-12 08:30:00,18.3,56,9.4
347,2022-01-12 09:00:00,18.4,54,8.9
348,2022-01-12 09:30:00,19.5,54,10.0
349,2022-01-12 10:00:00,20.1,54,10.5
350,2022-01-12 10:30:00,20.6,54,11.0
351,2022-01-12 11:00:00,20.6,55,11.3
352,2022-01-12 11:30:00,20.8,55,11.5
353,2022-01-12 12:00:00,20.9,55,11.5
354,2022-01-12 12:30:00,21.0,58,12.4
355,2022-01-12 13:00:00,21.2,58,12.6
356,2022-01-12 13:30:00,21.1,58,12.5
357,2022-01-12 14:00:00,21.2,58,12.6
358,2022-01-12 14:30:00,21.2,58,12.6
359,2022-01-12 15:00:00,19.6,51,9.2
360,2022-01-12 15:30:00,20.8,52,10.6
361,2022-01-12 16:00:00,21.0,54,11.4
362,2022-01-12 16:30:00,21.1,55,11.7
363,2022-01-12 17:00:00,21.1,56,12.0
364,2022-01-12 17:30:00,21.1,57,12.3
365,2022-01-12 18:00:00,21.0,55,11.6
366,2022-01-12 18:30:00,21.1,56,12.0
367,2022-01-12 19:00:00,21.1,56,12.0
368,2022-01-12 19:30:00,21.1,56,12.0
369,2022-01-12 20:00:00,21.3,57,12.5
370,2022-01-12 20:30:00,21.3,58,12.7
371,2022-01-12 21:00:00,21.4,58,12.8
372,2022-01-12 21:30:00,21.3,59,13.0
373,2022-01-12 22:00:00,21.4,59,13.1
374,2022-01-12 22:30:00,21.4,59,13.1
375,2022-01-12 23:00:00,21.4,59,13.1
376,2022-01-12 23:30:00,21.4,59,13.1
377,2022-01-13 00:00:00,19.7,51,9.3
378,2022-01-13 00:30:00,20.1,53,10.2
379,2022-01-13 01:00:00,20.0,54,10.4
380,2022-01-13 01:30:00,19.9,53,10.1
381,2022-01-13 02:00:00,19.8,53,10.0
382,2022-01-13 02:30:00,19.6,53,9.8
383,2022-01-13 03:00:00,19.5,53,
384,2022-01-13 03:30:00,19.4,53,9.6
385,2022-01-13 04:00:00,19.3,53,9.5
386,2022-01-13 04:30:00,19.2,53,
387,2022-01-13 05:00:00,19.2,53,
388,2022-01-13 05:30:00,19.1,53,9.3
389,2022-01-13 06:00:00,19.0,53,9.2
390,2022-01-13 06:30:00,19.0,53,9.2
391,2022-01-13 07:00:00,18.9,53,9.1
392,2022-01-13 07:30:00,18.8,53,
393,2022-01-13 08:00:00,18.8,53,
394,2022-01-13 08:30:00,19.9,55,10.6
395,2022-01-13 09:00:00,17.2,59,9.1
396,2022-01-13 09:30:00,16.4,62,
397,2022-01-13 10:00:00,16.3,63,9.3
398,2022-01-13 10:30:00,16.4,63,
399,2022-01-13 11:00:00,16.7,65,10.1
400,2022-01-13 11:30:00,16.5,65,
401,2022-01-13 12:00:00,16.6,65,10.0
402,2022-01-13 12:30:00,17.1,66,10.7
403,2022-01-13 13:00:00,17.2,66,10.8
404,2022-01-13 13:30:00,16.8,66,10.4
405,2022-01-13 14:00:00,16.6,66,10.2
406,2022-01-13 14:30:00,16.4,66,10.1
407,2022-01-13 15:00:00,16.4,65,9.8
408,2022-01-13 15:30:00,16.4,65,9.8
409,2022-01-13 16:00:00,16.4,65,9.8
410,2022-01-13 16:30:00,16.4,65,
411,2022-01-13 17:00:00,16.4,66,10.1
412,2022-01-13 17:30:00,16.4,65,
413,2022-01-13 18:00:00,16.4,65,9.8
414,2022-01-13 18:30:00,15.2,59,7.3
415,2022-01-13 19:00:00,14.4,58,6.3
416,2022-01-13 19:30:00,14.2,58,
417,2022-01-13 20:00:00,14.0,58,5.9
418,2022-01-13 20:30:00,13.7,58,5.6
419,2022-01-13 21:00:00,13.6,59,5.8
420,2022-01-13 21:30:00,14.6,71,
421,2022-01-13 22:00:00,15.6,66,9.3
422,2022-01-13 22:30:00,15.8,67,9.7
423,2022-01-13 23:00:00,15.9,67,
424,2022-01-13 23:30:00,15.2,56,6.5
425,2022-01-14 00:00:00,15.5,64,
426,2022-01-14 00:30:00,15.8,65,9.3
427,2022-01-14 01:00:00,16.0,65,
428,2022-01-14 01:30:00,16.2,66,
429,2022-01-14 02:00:00,16.2,66,
430,2022-01-14 02:30:00,16.4,67,10.3
431,2022-01-14 03:00:00,16.4,67,10.3
432,2022-01-14 03:30:00,16.4,68,10.5
433,2022-01-14 04:00:00,15.7,63,
434,2022-01-14 04:30:00,15.4,63,8.4
435,2022-01-14 05:00:00,15.2,62,
436,2022-01-14 05:30:00,14.8,61,7.4
437,2022-01-14 06:00:00,14.4,60,6.8
438,2022-01-14 06:30:00,14.5,61,7.1
439,2022-01-14 07:00:00,14.3,61,6.9
440,2022-01-14 07:30:00,14.0,62,
441,2022-01-14 08:00:00,15.5,64,
442,2022-01-14 08:30:00,16.2,64,9.4
443,2022-01-14 09:00:00,16.4,64,9.6
444,2022-01-14 09:30:00,16.6,65,10.0
445,2022-01-14 10:00:00,16.8,65,10.2
446,2022-01-14 10:30:00,16.7,65,10.1
447,2022-01-14 11:00:00,16.8,65,10.2
448,2022-01-14 11:30:00,16.8,65,10.2
449,2022-01-14 12:00:00,16.8,65,10.2
450,2022-01-14 12:30:00,16.9,65,10.3
451,2022-01-14 13:00:00,16.5,58,8.2
452,2022-01-14 13:30:00,15.7,65,9.2
453,2022-01-14 14:00:00,16.5,64,9.7
454,2022-01-14 14:30:00,16.6,64,9.8
455,2022-01-14 15:00:00,16.8,64,10.0
456,2022-01-14 15:30:00,16.8,64,10.0
457,2022-01-14 16:00:00,16.8,64,10.0
458,2022-01-14 16:30:00,16.9,64,10.1
459,2022-01-14 17:00:00,16.8,64,10.0
460,2022-01-14 17:30:00,16.9,64,10.1
461,2022-01-14 18:00:00,16.8,64,10.0
462,2022-01-14 18:30:00,16.9,64,10.1
463,2022-01-14 19:00:00,16.9,64,10.1
464,2022-01-14 19:30:00,16.9,64,10.1
465,2022-01-14 20:00:00,16.9,64,10.1
466,2022-01-14 20:30:00,16.9,64,10.1
467,2022-01-14 21:00:00,16.9,64,10.1
468,2022-01-14 21:30:00,16.9,64,10.1
469,2022-01-14 22:00:00,16.9,64,10.1
470,2022-01-14 22:30:00,17.0,64,10.2
471,2022-01-14 23:00:00,16.9,64,10.1
472,2022-01-14 23:30:00,17.0,64,10.2
473,2022-01-15 00:00:00,16.9,64,10.1
474,2022-01-15 00:30:00,16.8,64,10.0
475,2022-01-15 01:00:00,16.8,64,10.0
476,2022-01-15 01:30:00,16.7,64,9.9
477,2022-01-15 02:00:00,16.6,64,
478,2022-01-15 02:30:00,16.6,64,9.8
479,2022-01-15 03:00:00,16.5,64,9.7
480,2022-01-15 03:30:00,16.4,64,9.6
481,2022-01-15 04:00:00,16.4,64,9.6
482,2022-01-15 04:30:00,16.8,65,10.2
483,2022-01-15 05:00:00,17.0,64,10.2
484,2022-01-15 05:30:00,16.9,64,10.1
485,2022-01-15 06:00:00,16.8,64,10.0
486,2022-01-15 06:30:00,16.9,64,10.1
487,2022-01-15 07:00:00,16.8,64,10.0
488,2022-01-15 07:30:00,16.8,64,10.0
489,2022-01-15 08:00:00,16.8,64,10.0
490,2022-01-15 08:30:00,16.8,64,10.0
491,2022-01-15 09:00:00,16.8,64,10.0
492,2022-01-15 09:30:00,16.8,64,10.0
493,2022-01-15 10:00:00,16.8,64,10.0
494,2022-01-15 10:30:00,16.8,64,10.0
495,2022-01-15 11:00:00,16.8,64,10.0
496,2022-01-15 11:30:00,16.8,64,10.0
497,2022-01-15 12:00:00,16.8,64,10.0
498,2022-01-15 12:30:00,16.9,64,10.1
499,2022-01-15 13:00:00,16.9,64,10.1
500,2022-01-15 13:30:00,16.8,64,10.0
501,2022-01-15 14:00:00,16.9,64,10.1
502,2022-01-15 14:30:00,16.8,64,10.0
503,2022-01-15 15:00:00,16.9,64,10.1
504,2022-01-15 15:30:00,16.8,64,10.0
505,2022-01-15 16:00:00,16.8,64,10.0
506,2022-01-15 16:30:00,16.8,64,10.0
507,2022-01-15 17:00:00,14.8,51,4.8
508,2022-01-15 17:30:00,16.1,57,7.6
509,2022-01-15 18:00:00,16.7,58,8.4
510,2022-01-15 18:30:00,16.8,59,8.8
511,2022-01-15 19:00:00,17.0,62,9.7
512,2022-01-15 19:30:00,18.1,63,11.0
513,2022-01-15 20:00:00,18.5,63,11.3
514,2022-01-15 20:30:00,,57,
515,2022-01-15 21:00:00,17.8,57,9.2
516,2022-01-15 21:30:00,17.9,59,
517,2022-01-15 22:00:00,17.9,60,10.0
518,2022-01-15 22:30:00,16.2,47,
519,2022-01-15 23:00:00,17.1,59,
520,2022-01-15 23:30:00,17.3,61,9.7
521,2022-01-16 00:00:00,17.3,63,10.2
522,2022-01-16 00:30:00,17.2,64,10.4
523,2022-01-16 01:00:00,17.2,65,10.6
524,2022-01-16 01:30:00,17.4,66,11.0
525,2022-01-16 02:00:00,17.4,68,11.5
526,2022-01-16 02:30:00,17.5,69,11.8
527,2022-01-16 03:00:00,17.6,69,11.9
528,2022-01-16 03:30:00,17.5,70,12.0
529,2022-01-16 04:00:00,17.4,70,11.9
530,2022-01-16 04:30:00,17.4,70,11.9
531,2022-01-16 05:00:00,17.5,71,12.2
532,2022-01-16 05:30:00,17.5,71,12.2
533,2022-01-16 06:00:00,17.4,71,12.1
534,2022-01-16 06:30:00,17.5,72,12.4
535,2022-01-16 07:00:00,17.1,68,11.2
536,2022-01-16 07:30:00,17.1,67,10.9
537,2022-01-16 08:00:00,16.4,60,8.6
538,2022-01-16 08:30:00,17.3,61,9.7
539,2022-01-16 09:00:00,17.8,61,10.2
540,2022-01-16 09:30:00,18.0,61,10.4
541,2022-01-16 10:00:00,18.2,61,10.6
542,2022-01-16 10:30:00,18.6,63,11.4
543,2022-01-16 11:00:00,19.4,66,12.9
544,2022-01-16 11:30:00,19.0,54,9.5
545,2022-01-16 12:00:00,18.3,58,
546,2022-01-16 12:30:00,18.6,60,10.7
547,2022-01-16 13:00:00,18.6,61,11.0
548,2022-01-16 13:30:00,18.6,62,11.2
549,2022-01-16 14:00:00,18.6,62,11.2
550,2022-01-16 14:30:00,18.5,62,11.1
551,2022-01-16 15:00:00,18.4,63,11.3
552,2022-01-16 15:30:00,18.3,63,11.2
553,2022-01-16 16:00:00,18.3,63,11.2
554,2022-01-16 16:30:00,18.4,65,11.7
555,2022-01-16 17:00:00,18.4,65,11.7
556,2022-01-16 17:30:00,18.6,65,11.9
557,2022-01-16 18:00:00,18.5,64,11.6
558,2022-01-16 18:30:00,18.4,65,11.7
559,2022-01-16 19:00:00,18.5,68,12.5
560,2022-01-16 19:30:00,18.4,70,12.9
561,2022-01-16 20:00:00,18.4,69,12.6
562,2022-01-16 20:30:00,18.4,69,12.6
563,2022-01-16 21:00:00,15.7,60,
564,2022-01-16 21:30:00,17.5,64,10.6
565,2022-01-16 22:00:00,18.2,65,11.5
566,2022-01-16 22:30:00,18.4,70,12.9
567,2022-01-16 23:00:00,17.0,61,9.4
568,2022-01-16 23:30:00,16.6,61,9.1
569,2022-01-17 00:00:00,16.2,61,8.7
570,2022-01-17 00:30:00,16.0,62,
571,2022-01-17 01:00:00,15.9,61,8.4
572,2022-01-17 01:30:00,15.8,61,8.3
573,2022-01-17 02:00:00,15.6,60,7.9
574,2022-01-17 02:30:00,15.5,60,7.8
575,2022-01-17 03:00:00,15.4,60,7.7
576,2022-01-17 03:30:00,15.3,61,7.8
577,2022-01-17 04:00:00,15.2,60,7.5
578,2022-01-17 04:30:00,14.9,62,7.7
579,2022-01-17 05:00:00,14.8,60,7.1
580,2022-01-17 05:30:00,14.7,60,
581,2022-01-17 06:00:00,14.7,62,7.5
582,2022-01-17 06:30:00,16.5,65,
583,2022-01-17 07:00:00,17.2,65,10.6
584,2022-01-17 07:30:00,16.9,65,10.3
585,2022-01-17 08:00:00,16.9,65,10.3
586,2022-01-17 08:30:00,16.9,65,10.3
587,2022-01-17 09:00:00,17.0,65,10.4
588,2022-01-17 09:30:00,13.6,59,5.8
589,2022-01-17 10:00:00,16.0,63,
590,2022-01-17 10:30:00,16.5,62,9.2
591,2022-01-17 11:00:00,16.8,63,9.7
592,2022-01-17 11:30:00,16.9,63,9.8
593,2022-01-17 12:00:00,17.2,63,10.1
594,2022-01-17 12:30:00,17.3,62,10.0
595,2022-01-17 13:00:00,12.2,52,2.6
596,2022-01-17 13:30:00,16.1,57,7.6
597,2022-01-17 14:00:00,17.0,57,
598,2022-01-17 14:30:00,17.3,58,
599,2022-01-17 15:00:00,17.6,58,9.3
600,2022-01-17 15:30:00,17.6,58,9.3
601,2022-01-17 16:00:00,17.4,58,
602,2022-01-17 16:30:00,17.2,59,
603,2022-01-17 17:00:00,17.1,59,
604,2022-01-17 17:30:00,17.0,59,
605,2022-01-17 18:00:00,16.9,59,8.9
606,2022-01-17 18:30:00,17.0,60,9.2
607,2022-01-17 19:00:00,17.3,60,9.5
608,2022-01-17 19:30:00,17.3,60,9.5
609,2022-01-17 20:00:00,17.9,60,10.0
610,2022-01-17 20:30:00,18.2,60,10.3
611,2022-01-17 21:00:00,18.4,60,10.5
612,2022-01-17 21:30:00,18.6,60,10.7
613,2022-01-17 22:00:00,16.8,55,
614,2022-01-17 22:30:00,17.9,59,9.8
615,2022-01-17 23:00:00,18.0,60,10.1
616,2022-01-17 23:30:00,17.9,61,10.3
617,2022-01-18 00:00:00,17.7,58,
618,2022-01-18 00:30:00,16.7,52,6.8
619,2022-01-18 01:00:00,16.3,51,6.2
620,2022-01-19 01:30:00,16.0,52,6.2
621,2022-01-18 02:00:00,15.8,53,6.3
622,2022-01-18 02:30:00,15.7,52,5.9
623,2022-01-18 03:00:00,15.4,51,5.3
624,2022-01-18 03:30:00,15.3,51,5.2
625,2022-01-18 04:00:00,15.2,51,5.1
626,2022-01-18 04:30:00,15.1,52,5.3
627,2022-01-18 05:00:00,15.0,51,
628,2022-01-18 05:30:00,14.8,51,4.8
629,2022-01-18 06:00:00,14.7,51,4.7
630,2022-01-18 06:30:00,16.5,57,8.0
631,2022-01-18 07:00:00,17.6,69,
632,2022-01-18 07:30:00,17.7,57,9.1
633,2022-01-18 08:00:00,17.9,57,9.3
634,2022-01-18 08:30:00,18.1,57,9.5
635,2022-01-18 09:00:00,18.3,57,
636,2022-01-18 09:30:00,18.6,59,10.5
637,2022-01-18 10:00:00,18.2,61,10.6
638,2022-01-18 10:30:00,18.0,62,10.6
639,2022-01-18 11:00:00,17.7,62,10.4
640,2022-01-18 11:30:00,17.6,63,10.5
641,2022-01-18 12:00:00,17.4,64,10.5
642,2022-01-18 12:30:00,17.3,65,10.7
643,2022-01-18 13:00:00,17.2,66,10.8
644,2022-01-18 13:30:00,17.2,67,11.0
645,2022-01-18 14:00:00,17.1,68,11.2
646,2022-01-18 14:30:00,17.1,68,11.2
647,2022-01-18 15:00:00,17.0,69,11.3
648,2022-01-18 15:30:00,17.0,69,11.3
649,2022-01-18 16:00:00,16.6,69,10.9
650,2022-01-18 16:30:00,17.9,68,11.9
651,2022-01-18 17:00:00,18.2,68,12.2
652,2022-01-18 17:30:00,18.4,67,12.2
653,2022-01-18 18:00:00,18.5,67,12.3
654,2022-01-18 18:30:00,18.5,67,12.3
655,2022-01-18 19:00:00,18.6,68,12.6
656,2022-01-18 19:30:00,18.6,68,12.6
657,2022-01-18 20:00:00,18.7,68,12.7
658,2022-01-18 20:30:00,18.8,68,12.8
659,2022-01-18 21:00:00,18.8,68,12.8
660,2022-01-18 21:30:00,18.8,68,12.8
661,2022-01-18 22:00:00,19.0,68,13.0
662,2022-01-18 22:30:00,18.5,64,11.6
663,2022-01-18 23:00:00,18.8,66,12.3
664,2022-01-18 23:30:00,19.1,67,12.9
665,2022-01-19 00:00:00,19.1,68,13.1
666,2022-01-19 00:30:00,19.0,70,13.4
667,2022-01-19 01:00:00,18.9,70,13.3
668,2022-02-06 01:30:00,18.8,72,13.7
669,2022-01-19 02:00:00,18.8,73,13.9
670,2022-01-19 02:30:00,18.8,74,14.1
671,2022-01-19 03:00:00,18.7,74,14.0
672,2022-01-19 03:30:00,18.6,74,13.9
673,2022-01-19 04:00:00,18.6,74,13.9
674,2022-01-19 04:30:00,19.0,73,14.1
675,2022-01-19 05:00:00,19.2,73,14.3
676,2022-01-19 05:30:00,19.2,74,14.5
677,2022-01-19 06:00:00,19.3,74,14.6
678,2022-01-19 06:30:00,18.6,70,13.0
679,2022-01-19 07:00:00,18.0,67,11.8
680,2022-01-19 07:30:00,17.6,66,11.2
681,2022-01-19 08:00:00,17.0,63,9.9
682,2022-01-19 08:30:00,18.0,64,11.1
683,2022-01-19 09:00:00,18.4,65,11.7
684,2022-01-19 09:30:00,18.5,63,11.3
685,2022-01-19 10:00:00,18.4,64,11.5
686,2022-01-19 10:30:00,18.5,63,11.3
687,2022-01-19 11:00:00,18.6,64,11.7
688,2022-01-19 11:30:00,18.6,64,11.7
689,2022-01-19 12:00:00,18.7,64,11.8
690,2022-01-19 12:30:00,18.7,65,12.0
691,2022-01-19 13:00:00,18.7,65,12.0
692,2022-01-19 13:30:00,16.4,49,
693,2022-01-19 14:00:00,14.9,49,
694,2022-01-19 14:30:00,14.2,50,3.9
695,2022-01-19 15:00:00,14.1,50,3.9
696,2022-01-19 15:30:00,14.2,51,4.2
697,2022-01-19 16:00:00,14.4,53,
698,2022-01-19 16:30:00,16.4,54,7.1
699,2022-01-19 17:00:00,17.1,55,
700,2022-01-19 17:30:00,17.2,56,8.4
701,2022-01-19 18:00:00,17.2,56,8.4
702,2022-01-19 18:30:00,17.2,57,
703,2022-01-19 19:00:00,17.3,58,
704,2022-01-19 19:30:00,17.2,58,8.9
705,2022-01-19 20:00:00,17.4,59,9.3
706,2022-01-19 20:30:00,17.3,59,9.2
707,2022-01-19 21:00:00,17.4,60,9.6
708,2022-01-19 21:30:00,17.4,60,9.6
709,2022-01-19 22:00:00,17.2,56,8.4
710,2022-01-19 22:30:00,15.9,57,
711,2022-01-19 23:00:00,16.8,59,8.8
712,2022-01-19 23:30:00,17.0,60,9.2
713,2022-01-20 00:00:00,17.2,62,9.9
714,2022-01-20 00:30:00,17.3,64,10.4
715,2022-01-20 01:00:00,17.4,64,10.5
716,2022-01-20 01:30:00,17.5,65,10.9
717,2022-01-20 02:00:00,17.6,66,11.2
718,2022-01-20 02:30:00,17.6,67,11.4
719,2022-01-20 03:00:00,17.7,68,11.7
720,2022-01-20 03:30:00,17.6,67,11.4
721,2022-01-20 04:00:00,17.6,67,11.4
722,2022-01-20 04:30:00,17.5,68,11.6
723,2022-01-20 05:00:00,17.6,68,11.6
724,2022-01-20 05:30:00,17.6,69,11.9
725,2022-01-20 06:00:00,17.6,69,11.9
726,2022-01-20 06:30:00,14.7,59,6.8
727,2022-01-20 07:00:00,16.9,59,8.9
728,2022-01-20 07:30:00,17.2,59,9.1
729,2022-01-20 08:00:00,17.1,59,
730,2022-01-20 08:30:00,17.1,60,9.3
731,2022-01-20 09:00:00,17.5,60,9.7
732,2022-01-20 09:30:00,17.5,59,
733,2022-01-20 10:00:00,17.7,59,9.6
734,2022-01-20 10:30:00,17.7,59,
735,2022-01-20 11:00:00,17.8,59,9.7
736,2022-01-20 11:30:00,17.8,58,
737,2022-01-20 12:00:00,17.8,59,
738,2022-01-20 12:30:00,17.8,58,
739,2022-01-20 13:00:00,17.9,58,9.5
740,2022-01-20 13:30:00,17.9,58,9.5
741,2022-01-20 14:00:00,18.0,59,
742,2022-01-20 14:30:00,18.0,58,9.6
743,2022-01-20 15:00:00,18.0,59,9.9
744,2022-01-20 15:30:00,12.8,47,1.8
745,2022-01-20 16:00:00,16.5,53,6.9
746,2022-01-20 16:30:00,17.2,54,7.8
747,2022-01-20 17:00:00,17.8,54,
748,2022-01-20 17:30:00,18.1,54,
749,2022-01-20 18:00:00,18.2,54,8.8
750,2022-01-20 18:30:00,18.3,57,9.7
751,2022-01-20 19:00:00,18.0,60,10.1
752,2022-01-20 19:30:00,17.6,60,9.8
753,2022-01-20 20:00:00,17.9,61,10.3
754,2022-01-20 20:30:00,18.3,61,10.7
755,2022-01-20 21:00:00,13.0,46,1.7
756,2022-01-20 21:30:00,16.7,54,7.4
757,2022-01-20 22:00:00,17.2,53,7.6
758,2022-01-20 22:30:00,17.6,54,8.2
759,2022-01-20 23:00:00,17.8,55,8.7
760,2022-01-20 23:30:00,17.9,56,
761,2022-01-21 00:00:00,17.8,56,8.9
762,2022-01-21 00:30:00,17.8,58,
763,2022-01-21 01:00:00,17.7,59,9.6
764,2022-01-21 01:30:00,17.8,60,10.0
765,2022-01-21 02:00:00,17.8,62,10.4
766,2022-01-21 02:30:00,17.8,64,10.9
767,2022-01-21 03:00:00,17.8,64,10.9
768,2022-01-21 03:30:00,16.4,51,6.3
769,2022-01-21 04:00:00,15.9,49,5.2
770,2022-01-21 04:30:00,15.4,48,4.5
771,2022-01-21 05:00:00,15.1,47,3.9
772,2022-01-21 05:30:00,15.0,48,4.1
773,2022-01-21 06:00:00,15.0,48,4.1
774,2022-01-21 06:30:00,14.8,48,3.9
775,2022-01-21 07:00:00,14.6,46,3.1
776,2022-01-21 07:30:00,15.1,53,5.6
777,2022-01-21 08:00:00,16.8,53,7.2
778,2022-01-21 08:30:00,16.8,53,7.2
779,2022-01-21 09:00:00,17.1,54,7.7
780,2022-01-21 09:30:00,17.1,54,7.7
781,2022-01-21 10:00:00,17.2,54,7.8
782,2022-01-21 10:30:00,17.1,54,7.7
783,2022-01-21 11:00:00,17.7,62,10.4
784,2022-01-21 11:30:00,17.6,60,9.8
785,2022-01-21 12:00:00,17.6,58,9.3
786,2022-01-21 12:30:00,17.6,58,9.3
787,2022-01-21 13:00:00,17.8,59,
788,2022-01-21 13:30:00,18.1,60,10.2
789,2022-01-21 14:00:00,17.8,59,9.7
790,2022-01-21 14:30:00,17.8,59,9.7
791,2022-01-21 15:00:00,17.8,59,
792,2022-01-21 15:30:00,17.8,59,
793,2022-01-21 16:00:00,17.8,59,
794,2022-01-21 16:30:00,18.1,62,10.7
795,2022-01-21 17:00:00,18.2,62,10.8
796,2022-01-21 17:30:00,18.4,62,11.0
797,2022-01-21 18:00:00,18.4,62,11.0
798,2022-01-21 18:30:00,18.2,61,10.6
799,2022-01-21 19:00:00,18.1,61,10.5
800,2022-01-21 19:30:00,18.5,63,11.3
801,2022-01-21 20:00:00,14.6,54,
802,2022-01-21 20:30:00,16.0,58,7.8
803,2022-01-21 21:00:00,17.3,57,8.7
804,2022-01-21 21:30:00,17.8,57,9.2
805,2022-01-21 22:00:00,18.1,57,9.5
806,2022-01-21 22:30:00,18.3,57,
807,2022-01-21 23:00:00,18.4,57,9.8
808,2022-01-21 23:30:00,15.3,57,6.9
809,2022-01-22 00:00:00,16.4,55,7.4
810,2022-01-22 00:30:00,16.1,54,6.8
811,2022-01-22 01:00:00,15.9,55,6.9
812,2022-01-22 01:30:00,15.8,55,6.8
813,2022-01-22 02:00:00,15.7,55,6.7
814,2022-01-22 02:30:00,15.6,56,
815,2022-01-22 03:00:00,15.4,55,
816,2022-01-22 03:30:00,15.3,54,6.1
817,2022-01-22 04:00:00,15.2,54,
818,2022-01-22 04:30:00,15.1,55,6.1
819,2022-01-22 05:00:00,15.0,54,5.8
820,2022-01-22 05:30:00,14.9,54,5.7
821,2022-01-22 06:00:00,14.8,54,5.6
822,2022-01-22 06:30:00,14.8,53,5.3
823,2022-01-22 07:00:00,15.6,57,7.1
824,2022-01-22 07:30:00,17.0,58,8.7
825,2022-01-22 08:00:00,17.6,56,8.7
826,2022-01-22 08:30:00,17.7,57,
827,2022-01-22 09:00:00,18.3,58,
828,2022-01-22 09:30:00,18.8,58,10.4
829,2022-01-22 10:00:00,19.0,58,10.6
830,2022-01-22 10:30:00,19.4,58,10.9
831,2022-01-22 11:00:00,17.0,54,7.6
832,2022-01-22 11:30:00,18.3,54,8.9
833,2022-01-22 12:00:00,18.8,56,9.9
834,2022-01-22 12:30:00,19.1,57,10.4
835,2022-01-22 13:00:00,18.9,59,10.7
836,2022-01-22 13:30:00,18.8,59,10.6
837,2022-01-22 14:00:00,18.8,60,10.9
838,2022-01-22 14:30:00,17.4,43,4.7
839,2022-01-22 15:00:00,14.4,46,2.9
840,2022-01-22 15:30:00,16.8,54,7.5
841,2022-01-22 16:00:00,17.9,59,9.8
842,2022-01-22 16:30:00,18.4,60,10.5
843,2022-01-22 17:00:00,18.4,63,11.3
844,2022-01-22 17:30:00,18.7,64,11.8
845,2022-01-22 18:00:00,18.8,65,12.1
846,2022-01-22 18:30:00,18.9,66,12.4
847,2022-01-22 19:00:00,19.0,67,12.8
848,2022-01-22 19:30:00,19.2,67,12.9
849,2022-01-22 20:00:00,19.2,68,13.2
850,2022-01-22 20:30:00,19.2,68,13.2
851,2022-01-22 21:00:00,19.1,66,12.6
852,2022-01-22 21:30:00,19.2,66,12.7
853,2022-01-22 22:00:00,19.2,67,12.9
854,2022-01-22 22:30:00,19.3,68,13.3
855,2022-01-22 23:00:00,15.5,61,
856,2022-01-22 23:30:00,18.1,65,11.4
857,2022-01-23 00:00:00,18.6,67,12.4
858,2022-01-23 00:30:00,18.8,69,13.0
859,2022-01-23 01:00:00,18.9,70,13.3
860,2022-01-23 01:30:00,19.0,73,14.1
861,2022-01-23 02:00:00,19.0,74,14.3
862,2022-01-23 02:30:00,19.0,73,14.1
863,2022-01-23 03:00:00,18.9,74,14.2
864,2022-01-23 03:30:00,18.9,74,14.2
865,2022-01-23 04:00:00,18.9,74,14.2
866,2022-01-23 04:30:00,18.8,74,14.1
867,2022-01-23 05:00:00,18.7,74,14.0
868,2022-01-23 05:30:00,18.8,75,14.3
869,2022-01-23 06:00:00,18.9,74,14.2
870,2022-01-23 06:30:00,18.8,74,14.1
871,2022-01-23 07:00:00,18.8,74,14.1
872,2022-01-23 07:30:00,18.1,69,12.3
873,2022-01-23 08:00:00,17.7,70,12.2
874,2022-01-23 08:30:00,17.9,70,12.4
875,2022-01-23 09:00:00,18.0,70,12.5
876,2022-01-23 09:30:00,16.2,59,8.2
877,2022-01-23 10:00:00,11.7,72,
878,2022-01-23 10:30:00,16.3,66,10.0
879,2022-01-23 11:00:00,17.2,64,10.4
880,2022-01-23 11:30:00,17.6,63,10.5
881,2022-01-23 12:00:00,17.7,63,10.6
882,2022-01-23 12:30:00,17.7,64,10.8
883,2022-01-23 13:00:00,17.8,64,10.9
884,2022-01-23 13:30:00,12.7,63,5.9
885,2022-01-23 14:00:00,15.4,65,8.9
886,2022-01-23 14:30:00,17.3,64,10.4
887,2022-01-23 15:00:00,18.2,63,11.1
888,2022-01-23 15:30:00,18.6,63,11.4
889,2022-01-23 16:00:00,18.6,63,11.4
890,2022-01-23 16:30:00,18.6,63,11.4
891,2022-01-23 17:00:00,18.9,63,11.7
892,2022-01-23 17:30:00,19.1,62,11.7
893,2022-01-23 18:00:00,19.2,62,11.8
894,2022-01-23 18:30:00,19.3,62,11.9
895,2022-01-23 19:00:00,19.5,66,13.0
896,2022-01-23 19:30:00,19.4,67,13.1
897,2022-01-23 20:00:00,19.5,67,13.2
898,2022-01-23 20:30:00,19.5,67,13.2
899,2022-01-23 21:00:00,19.7,68,13.7
900,2022-01-23 21:30:00,19.9,68,13.8
901,2022-01-23 22:00:00,19.1,57,10.4
902,2022-01-23 22:30:00,18.6,53,8.9
903,2022-01-23 23:00:00,19.1,64,12.2
904,2022-01-23 23:30:00,19.2,66,12.7
905,2022-01-24 00:00:00,19.2,68,13.2
906,2022-01-24 00:30:00,19.3,69,13.5
907,2022-01-24 01:00:00,19.3,70,13.7
908,2022-01-24 01:30:00,19.3,70,13.7
909,2022-01-24 02:00:00,19.3,71,13.9
910,2022-01-24 02:30:00,19.3,71,13.9
911,2022-01-24 03:00:00,19.3,72,14.1
912,2022-01-24 03:30:00,19.2,72,14.1
913,2022-01-24 04:00:00,19.2,73,14.3
914,2022-01-24 04:30:00,19.1,74,
915,2022-01-24 05:00:00,19.1,74,
916,2022-01-24 05:30:00,19.1,75,14.6
917,2022-01-24 06:00:00,19.2,75,14.7
918,2022-01-24 06:30:00,16.7,55,7.6
919,2022-01-24 07:00:00,16.2,62,8.9
920,2022-01-24 07:30:00,17.9,65,11.3
921,2022-01-24 08:00:00,18.3,65,11.6
922,2022-01-24 08:30:00,18.4,65,11.7
923,2022-01-24 09:00:00,18.4,65,11.7
924,2022-01-24 09:30:00,18.4,65,11.7
925,2022-01-24 10:00:00,18.4,65,11.7
926,2022-01-24 10:30:00,18.5,65,11.8
927,2022-01-24 11:00:00,18.0,62,10.6
928,2022-01-24 11:30:00,18.7,63,11.5
929,2022-01-24 12:00:00,18.9,63,11.7
930,2022-01-24 12:30:00,19.1,62,11.7
931,2022-01-24 13:00:00,18.9,63,11.7
932,2022-01-24 13:30:00,18.9,63,11.7
933,2022-01-24 14:00:00,18.9,63,11.7
934,2022-01-24 14:30:00,18.9,64,12.0
935,2022-01-24 15:00:00,18.9,64,12.0
936,2022-01-24 15:30:00,18.9,64,12.0
937,2022-01-24 16:00:00,18.9,64,12.0
938,2022-01-24 16:30:00,18.9,64,12.0
939,2022-01-24 17:00:00,18.8,64,11.9
940,2022-01-24 17:30:00,18.9,64,12.0
941,2022-01-24 18:00:00,18.8,64,11.9
942,2022-01-24 18:30:00,18.9,64,12.0
943,2022-01-24 19:00:00,18.8,64,11.9
944,2022-01-24 19:30:00,18.0,54,8.6
945,2022-01-24 20:00:00,19.0,61,11.3
946,2022-01-24 20:30:00,19.0,62,11.6
947,2022-01-24 21:00:00,19.2,63,12.0
948,2022-01-24 21:30:00,19.2,63,12.0
949,2022-01-24 22:00:00,19.1,63,11.9
950,2022-01-24 22:30:00,18.0,60,10.1
951,2022-01-24 23:00:00,18.6,62,11.2
952,2022-01-24 23:30:00,18.7,64,11.8
953,2022-01-25 00:00:00,18.8,65,12.1
954,2022-01-25 00:30:00,18.9,67,12.7
955,2022-01-25 01:00:00,19.0,68,13.0
956,2022-01-25 01:30:00,19.0,69,13.2
957,2022-01-25 02:00:00,19.0,69,13.2
958,2022-01-25 02:30:00,18.2,62,10.8
959,2022-01-25 03:00:00,17.9,60,10.0
960,2022-01-25 03:30:00,17.6,59,9.5
961,2022-01-25 04:00:00,17.2,59,9.1
962,2022-01-25 04:30:00,17.2,59,9.1
963,2022-01-25 05:00:00,17.0,57,8.4
964,2022-01-25 05:30:00,16.9,56,8.1
965,2022-01-25 06:00:00,16.8,56,
966,2022-01-25 06:30:00,17.0,59,9.0
967,2022-01-25 07:00:00,16.8,58,8.5
968,2022-01-25 07:30:00,15.0,54,5.8
969,2022-01-25 08:00:00,16.0,56,7.2
970,2022-01-25 08:30:00,16.5,57,
971,2022-01-25 09:00:00,16.7,58,8.4
972,2022-01-25 09:30:00,16.8,58,8.5
973,2022-01-25 10:00:00,17.1,59,
974,2022-01-25 10:30:00,17.0,59,
975,2022-01-25 11:00:00,17.1,59,
976,2022-01-25 11:30:00,17.1,59,
977,2022-01-25 12:00:00,17.1,59,
978,2022-01-25 12:30:00,17.1,60,9.3
979,2022-01-25 13:00:00,17.6,69,11.9
980,2022-01-25 13:30:00,17.4,65,10.8
981,2022-01-25 14:00:00,17.3,64,10.4
982,2022-01-25 14:30:00,17.3,64,10.4
983,2022-01-25 15:00:00,17.3,64,10.4
984,2022-01-25 15:30:00,17.3,63,10.2
985,2022-01-25 16:00:00,17.3,64,10.4
986,2022-01-25 16:30:00,17.3,64,10.4
987,2022-01-25 17:00:00,17.4,64,10.5
988,2022-01-25 17:30:00,17.6,64,10.7
989,2022-01-25 18:00:00,17.6,64,10.7
990,2022-01-25 18:30:00,17.6,63,10.5
991,2022-01-25 19:00:00,17.5,63,10.4
992,2022-01-25 19:30:00,17.4,63,10.3
993,2022-01-25 20:00:00,17.4,63,10.3
994,2022-01-25 20:30:00,17.4,63,10.3
995,2022-01-25 21:00:00,17.4,63,10.3
996,2022-01-25 21:30:00,16.4,65,9.8
997,2022-01-25 22:00:00,18.3,64,11.4
998,2022-01-25 22:30:00,18.8,64,11.9
999,2022-01-25 23:00:00,18.6,64,11.7
1000,2022-01-25 23:30:00,18.5,66,12.1
1001,2022-01-26 00:00:00,18.4,68,12.4
1002,2022-01-26 00:30:00,18.5,70,12.9
1003,2022-01-26 01:00:00,18.5,70,12.9
1004,2022-01-26 01:30:00,18.5,70,12.9
1005,2022-01-26 02:00:00,18.5,71,13.2
1006,2022-01-26 02:30:00,18.5,71,13.2
1007,2022-01-26 03:00:00,18.5,71,13.2
1008,2022-01-26 03:30:00,17.6,66,11.2
1009,2022-01-26 04:00:00,17.1,64,10.3
1010,2022-01-26 04:30:00,16.8,63,9.7
1011,2022-01-26 05:00:00,16.5,62,9.2
1012,2022-01-26 05:30:00,16.4,61,8.9
1013,2022-01-26 06:00:00,16.2,61,8.7
1014,2022-01-26 06:30:00,16.4,64,9.6
1015,2022-01-26 07:00:00,15.2,58,
1016,2022-01-26 07:30:00,17.0,61,9.4
1017,2022-01-26 08:00:00,17.4,61,9.8
1018,2022-01-26 08:30:00,17.4,61,9.8
1019,2022-01-26 09:00:00,17.4,62,10.1
1020,2022-01-26 09:30:00,17.5,62,10.2
1021,2022-01-26 10:00:00,17.4,62,10.1
1022,2022-01-26 10:30:00,17.4,62,10.1
1023,2022-01-26 11:00:00,16.0,57,7.5
1024,2022-01-26 11:30:00,17.2,53,9.1
1025,2022-01-26 12:00:00,17.7,61,10.1
1026,2022-01-26 12:30:00,18.2,61,10.6
1027,2022-01-26 13:00:00,18.2,61,10.6
1028,2022-01-26 13:30:00,18.3,62,10.9
1029,2022-01-26 14:00:00,18.1,62,10.7
1030,2022-01-26 14:30:00,18.0,62,10.6
1031,2022-01-26 15:00:00,17.9,62,10.5
1032,2022-01-26 15:30:00,17.8,62,10.4
1033,2022-01-26 16:00:00,17.7,62,10.4
1034,2022-01-26 16:30:00,17.6,62,10.3
1035,2022-01-26 17:00:00,17.6,62,10.3
1036,2022-01-26 17:30:00,17.6,62,10.3
1037,2022-01-26 18:00:00,17.7,65,11.1
1038,2022-01-26 18:30:00,17.8,64,10.9
1039,2022-01-26 19:00:00,17.7,64,10.8
1040,2022-01-26 19:30:00,16.0,54,6.7
1041,2022-01-26 20:00:00,15.0,56,6.3
1042,2022-01-26 20:30:00,16.1,59,
1043,2022-01-26 21:00:00,17.0,60,
1044,2022-01-26 21:30:00,17.7,61,10.1
1045,2022-01-26 22:00:00,17.7,60,
1046,2022-01-26 22:30:00,17.7,58,9.4
1047,2022-01-26 23:00:00,18.2,61,10.6
1048,2022-01-26 23:30:00,18.1,62,10.7
1049,2022-01-27 00:00:00,18.2,64,11.3
1050,2022-01-27 00:30:00,18.2,65,11.5
1051,2022-01-27 01:00:00,18.1,67,11.9
1052,2022-01-27 01:30:00,18.2,68,12.2
1053,2022-01-27 02:00:00,18.2,69,12.4
1054,2022-01-27 02:30:00,18.1,69,12.3
1055,2022-01-27 03:00:00,18.1,70,12.6
1056,2022-01-27 03:30:00,18.2,71,12.9
1057,2022-01-27 04:00:00,18.2,71,12.9
1058,2022-01-27 04:30:00,18.2,71,12.9
1059,2022-01-27 05:00:00,18.1,72,13.0
1060,2022-01-27 05:30:00,18.0,70,12.5
1061,2022-01-27 06:00:00,17.4,66,11.0
1062,2022-01-27 06:30:00,17.4,66,11.0
1063,2022-01-27 07:00:00,17.2,65,10.6
1064,2022-01-27 07:30:00,16.6,62,9.3
1065,2022-01-27 08:00:00,17.5,63,10.4
1066,2022-01-27 08:30:00,17.6,63,10.5
1067,2022-01-27 09:00:00,17.5,63,10.4
1068,2022-01-27 09:30:00,17.6,64,10.7
1069,2022-01-27 10:00:00,17.6,64,10.7
1070,2022-01-27 10:30:00,17.6,64,10.7
1071,2022-01-27 11:00:00,17.6,64,10.7
1072,2022-01-27 11:30:00,17.7,64,10.8
1073,2022-01-27 12:00:00,17.7,64,10.8
1074,2022-01-27 12:30:00,17.8,64,10.9
1075,2022-01-27 13:00:00,17.2,56,8.4
1076,2022-01-27 13:30:00,17.8,62,10.4
1077,2022-01-27 14:00:00,18.0,62,10.6
1078,2022-01-27 14:30:00,17.9,62,10.5
1079,2022-01-27 15:00:00,18.0,62,10.6
1080,2022-01-27 15:30:00,18.1,65,11.4
1081,2022-01-27 16:00:00,18.0,64,11.1
1082,2022-01-27 16:30:00,18.0,64,11.1
1083,2022-01-27 17:00:00,18.0,64,11.1
1084,2022-01-27 17:30:00,18.0,64,11.1
1085,2022-01-27 18:00:00,18.0,64,11.1
1086,2022-01-27 18:30:00,18.3,65,11.6
1087,2022-01-27 19:00:00,18.0,65,11.3
1088,2022-01-27 19:30:00,18.3,67,12.1
1089,2022-01-27 20:00:00,18.1,66,11.7
1090,2022-01-27 20:30:00,18.0,65,11.3
1091,2022-01-27 21:00:00,18.1,66,11.7
1092,2022-01-27 21:30:00,18.0,65,11.3
1093,2022-01-27 22:00:00,18.0,65,11.3
1094,2022-01-27 22:30:00,18.5,68,12.5
1095,2022-01-27 23:00:00,17.4,61,
1096,2022-01-27 23:30:00,17.8,63,10.7
1097,2022-01-28 00:00:00,17.9,64,11.0
1098,2022-01-28 00:30:00,18.0,66,11.6
1099,2022-01-28 01:00:00,18.1,68,12.1
1100,2022-01-28 01:30:00,18.1,68,12.1
1101,2022-01-28 02:00:00,18.1,68,12.1
1102,2022-01-28 02:30:00,18.1,69,12.3
1103,2022-01-28 03:00:00,18.1,69,12.3
1104,2022-01-28 03:30:00,18.1,69,12.3
1105,2022-01-28 04:00:00,18.1,69,12.3
1106,2022-01-28 04:30:00,18.1,70,12.6
1107,2022-01-28 05:00:00,18.1,70,12.6
1108,2022-01-28 05:30:00,18.1,70,12.6
1109,2022-01-28 06:00:00,18.0,70,12.5
1110,2022-01-28 06:30:00,17.9,70,12.4
1111,2022-01-28 07:00:00,17.9,70,12.4
1112,2022-01-28 07:30:00,17.7,69,12.0
1113,2022-01-28 08:00:00,13.5,64,6.8
1114,2022-01-28 08:30:00,16.3,64,9.5
1115,2022-01-28 09:00:00,17.0,64,10.2
1116,2022-01-28 09:30:00,17.2,63,10.1
1117,2022-01-28 10:00:00,17.5,63,10.4
1118,2022-01-28 10:30:00,17.7,64,10.8
1119,2022-01-28 11:00:00,17.8,63,10.7
1120,2022-01-28 11:30:00,17.9,62,10.5
1121,2022-01-28 12:00:00,17.8,62,10.4
1122,2022-01-28 12:30:00,17.8,62,10.4
1123,2022-01-28 13:00:00,16.7,58,8.4
1124,2022-01-28 13:30:00,17.4,59,9.3
1125,2022-01-28 14:00:00,17.5,59,
1126,2022-01-28 14:30:00,17.5,59,
1127,2022-01-28 15:00:00,17.6,60,9.8
1128,2022-01-28 15:30:00,14.7,47,3.5
1129,2022-01-28 16:00:00,13.5,53,4.1
1130,2022-01-28 16:30:00,13.4,53,4.0
1131,2022-01-28 17:00:00,12.7,51,2.8
1132,2022-01-28 17:30:00,12.6,54,3.6
1133,2022-01-28 18:00:00,16.4,55,7.4
1134,2022-01-28 18:30:00,17.5,55,8.4
1135,2022-01-28 19:00:00,18.1,55,8.9
1136,2022-01-28 19:30:00,17.9,38,3.4
1137,2022-01-28 20:00:00,21.4,50,10.6
1138,2022-01-28 20:30:00,22.1,48,10.6
1139,2022-01-28 21:00:00,22.2,47,10.4
1140,2022-01-28 21:30:00,21.2,40,7.1
1141,2022-01-28 22:00:00,20.2,37,5.1
1142,2022-01-28 22:30:00,19.7,37,4.6
1143,2022-01-28 23:00:00,19.0,37,4.0
1144,2022-01-28 23:30:00,18.8,37,3.8
